"Subj","Study"
"1","Horstmann"
"2","Horstmann"
"3","Horstmann"
"4","Horstmann"
"5","Horstmann"
"6","Horstmann"
"7","Horstmann"
"8","Horstmann"
"9","Horstmann"
"10","Horstmann"
"11","Horstmann"
"12","Horstmann"
"13","Horstmann"
"14","Horstmann"
"15","Horstmann"
"16","Horstmann"
"17","Horstmann"
"18","Horstmann"
"19","Horstmann"
"20","Horstmann"
"21","Horstmann"
"22","Horstmann"
"23","Horstmann"
"24","Horstmann"
"25","Horstmann"
"26","Horstmann"
"27","Horstmann"
"28","Horstmann"
"29","Horstmann"
"30","Horstmann"
"31","Horstmann"
"32","Horstmann"
"33","Horstmann"
"34","Horstmann"
"35","Horstmann"
"36","Horstmann"
"37","Horstmann"
"38","Horstmann"
"39","Horstmann"
"40","Horstmann"
"41","Horstmann"
"42","Horstmann"
"43","Horstmann"
"44","Horstmann"
"45","Horstmann"
"46","Horstmann"
"47","Horstmann"
"48","Horstmann"
"49","Horstmann"
"50","Horstmann"
"51","Horstmann"
"52","Horstmann"
"53","Horstmann"
"54","Horstmann"
"55","Horstmann"
"56","Horstmann"
"57","Horstmann"
"58","Horstmann"
"59","Horstmann"
"60","Horstmann"
"61","Horstmann"
"62","Horstmann"
"63","Horstmann"
"64","Horstmann"
"65","Horstmann"
"66","Horstmann"
"67","Horstmann"
"68","Horstmann"
"69","Horstmann"
"70","Horstmann"
"71","Horstmann"
"72","Horstmann"
"73","Horstmann"
"74","Horstmann"
"75","Horstmann"
"76","Horstmann"
"77","Horstmann"
"78","Horstmann"
"79","Horstmann"
"80","Horstmann"
"81","Horstmann"
"82","Horstmann"
"83","Horstmann"
"84","Horstmann"
"85","Horstmann"
"86","Horstmann"
"87","Horstmann"
"88","Horstmann"
"89","Horstmann"
"90","Horstmann"
"91","Horstmann"
"92","Horstmann"
"93","Horstmann"
"94","Horstmann"
"95","Horstmann"
"96","Horstmann"
"97","Horstmann"
"98","Horstmann"
"99","Horstmann"
"100","Horstmann"
"101","Horstmann"
"102","Horstmann"
"103","Horstmann"
"104","Horstmann"
"105","Horstmann"
"106","Horstmann"
"107","Horstmann"
"108","Horstmann"
"109","Horstmann"
"110","Horstmann"
"111","Horstmann"
"112","Horstmann"
"113","Horstmann"
"114","Horstmann"
"115","Horstmann"
"116","Horstmann"
"117","Horstmann"
"118","Horstmann"
"119","Horstmann"
"120","Horstmann"
"121","Horstmann"
"122","Horstmann"
"123","Horstmann"
"124","Horstmann"
"125","Horstmann"
"126","Horstmann"
"127","Horstmann"
"128","Horstmann"
"129","Horstmann"
"130","Horstmann"
"131","Horstmann"
"132","Horstmann"
"133","Horstmann"
"134","Horstmann"
"135","Horstmann"
"136","Horstmann"
"137","Horstmann"
"138","Horstmann"
"139","Horstmann"
"140","Horstmann"
"141","Horstmann"
"142","Horstmann"
"143","Horstmann"
"144","Horstmann"
"145","Horstmann"
"146","Horstmann"
"147","Horstmann"
"148","Horstmann"
"149","Horstmann"
"150","Horstmann"
"151","Horstmann"
"152","Horstmann"
"153","Horstmann"
"154","Horstmann"
"155","Horstmann"
"156","Horstmann"
"157","Horstmann"
"158","Horstmann"
"159","Horstmann"
"160","Horstmann"
"161","Horstmann"
"162","Horstmann"
"163","Kjome"
"164","Kjome"
"165","Kjome"
"166","Kjome"
"167","Kjome"
"168","Kjome"
"169","Kjome"
"170","Kjome"
"171","Kjome"
"172","Kjome"
"173","Kjome"
"174","Kjome"
"175","Kjome"
"176","Kjome"
"177","Kjome"
"178","Kjome"
"179","Kjome"
"180","Kjome"
"181","Kjome"
"182","Maia"
"183","Maia"
"184","Maia"
"185","Maia"
"186","Maia"
"187","Maia"
"188","Maia"
"189","Maia"
"190","Maia"
"191","Maia"
"192","Maia"
"193","Maia"
"194","Maia"
"195","Maia"
"196","Maia"
"197","Maia"
"198","Maia"
"199","Maia"
"200","Maia"
"201","Maia"
"202","Maia"
"203","Maia"
"204","Maia"
"205","Maia"
"206","Maia"
"207","Maia"
"208","Maia"
"209","Maia"
"210","Maia"
"211","Maia"
"212","Maia"
"213","Maia"
"214","Maia"
"215","Maia"
"216","Maia"
"217","Maia"
"218","Maia"
"219","Maia"
"220","Maia"
"221","Maia"
"222","SteingroverInPrep"
"223","SteingroverInPrep"
"224","SteingroverInPrep"
"225","SteingroverInPrep"
"226","SteingroverInPrep"
"227","SteingroverInPrep"
"228","SteingroverInPrep"
"229","SteingroverInPrep"
"230","SteingroverInPrep"
"231","SteingroverInPrep"
"232","SteingroverInPrep"
"233","SteingroverInPrep"
"234","SteingroverInPrep"
"235","SteingroverInPrep"
"236","SteingroverInPrep"
"237","SteingroverInPrep"
"238","SteingroverInPrep"
"239","SteingroverInPrep"
"240","SteingroverInPrep"
"241","SteingroverInPrep"
"242","SteingroverInPrep"
"243","SteingroverInPrep"
"244","SteingroverInPrep"
"245","SteingroverInPrep"
"246","SteingroverInPrep"
"247","SteingroverInPrep"
"248","SteingroverInPrep"
"249","SteingroverInPrep"
"250","SteingroverInPrep"
"251","SteingroverInPrep"
"252","SteingroverInPrep"
"253","SteingroverInPrep"
"254","SteingroverInPrep"
"255","SteingroverInPrep"
"256","SteingroverInPrep"
"257","SteingroverInPrep"
"258","SteingroverInPrep"
"259","SteingroverInPrep"
"260","SteingroverInPrep"
"261","SteingroverInPrep"
"262","SteingroverInPrep"
"263","SteingroverInPrep"
"264","SteingroverInPrep"
"265","SteingroverInPrep"
"266","SteingroverInPrep"
"267","SteingroverInPrep"
"268","SteingroverInPrep"
"269","SteingroverInPrep"
"270","SteingroverInPrep"
"271","SteingroverInPrep"
"272","SteingroverInPrep"
"273","SteingroverInPrep"
"274","SteingroverInPrep"
"275","SteingroverInPrep"
"276","SteingroverInPrep"
"277","SteingroverInPrep"
"278","SteingroverInPrep"
"279","SteingroverInPrep"
"280","SteingroverInPrep"
"281","SteingroverInPrep"
"282","SteingroverInPrep"
"283","SteingroverInPrep"
"284","SteingroverInPrep"
"285","SteingroverInPrep"
"286","SteingroverInPrep"
"287","SteingroverInPrep"
"288","SteingroverInPrep"
"289","SteingroverInPrep"
"290","SteingroverInPrep"
"291","SteingroverInPrep"
"292","Premkumar"
"293","Premkumar"
"294","Premkumar"
"295","Premkumar"
"296","Premkumar"
"297","Premkumar"
"298","Premkumar"
"299","Premkumar"
"300","Premkumar"
"301","Premkumar"
"302","Premkumar"
"303","Premkumar"
"304","Premkumar"
"305","Premkumar"
"306","Premkumar"
"307","Premkumar"
"308","Premkumar"
"309","Premkumar"
"310","Premkumar"
"311","Premkumar"
"312","Premkumar"
"313","Premkumar"
"314","Premkumar"
"315","Premkumar"
"316","Premkumar"
"317","Wood"
"318","Wood"
"319","Wood"
"320","Wood"
"321","Wood"
"322","Wood"
"323","Wood"
"324","Wood"
"325","Wood"
"326","Wood"
"327","Wood"
"328","Wood"
"329","Wood"
"330","Wood"
"331","Wood"
"332","Wood"
"333","Wood"
"334","Wood"
"335","Wood"
"336","Wood"
"337","Wood"
"338","Wood"
"339","Wood"
"340","Wood"
"341","Wood"
"342","Wood"
"343","Wood"
"344","Wood"
"345","Wood"
"346","Wood"
"347","Wood"
"348","Wood"
"349","Wood"
"350","Wood"
"351","Wood"
"352","Wood"
"353","Wood"
"354","Wood"
"355","Wood"
"356","Wood"
"357","Wood"
"358","Wood"
"359","Wood"
"360","Wood"
"361","Wood"
"362","Wood"
"363","Wood"
"364","Wood"
"365","Wood"
"366","Wood"
"367","Wood"
"368","Wood"
"369","Wood"
"370","Wood"
"371","Wood"
"372","Wood"
"373","Wood"
"374","Wood"
"375","Wood"
"376","Wood"
"377","Wood"
"378","Wood"
"379","Wood"
"380","Wood"
"381","Wood"
"382","Wood"
"383","Wood"
"384","Wood"
"385","Wood"
"386","Wood"
"387","Wood"
"388","Wood"
"389","Wood"
"390","Wood"
"391","Wood"
"392","Wood"
"393","Wood"
"394","Wood"
"395","Wood"
"396","Wood"
"397","Wood"
"398","Wood"
"399","Wood"
"400","Wood"
"401","Wood"
"402","Wood"
"403","Wood"
"404","Wood"
"405","Wood"
"406","Wood"
"407","Wood"
"408","Wood"
"409","Wood"
"410","Wood"
"411","Wood"
"412","Wood"
"413","Wood"
"414","Wood"
"415","Wood"
"416","Wood"
"417","Wood"
"418","Wood"
"419","Wood"
"420","Wood"
"421","Wood"
"422","Wood"
"423","Wood"
"424","Wood"
"425","Wood"
"426","Wood"
"427","Wood"
"428","Wood"
"429","Wood"
"430","Wood"
"431","Wood"
"432","Wood"
"433","Wood"
"434","Wood"
"435","Wood"
"436","Wood"
"437","Wood"
"438","Wood"
"439","Wood"
"440","Wood"
"441","Wood"
"442","Wood"
"443","Wood"
"444","Wood"
"445","Wood"
"446","Wood"
"447","Wood"
"448","Wood"
"449","Wood"
"450","Wood"
"451","Wood"
"452","Wood"
"453","Wood"
"454","Wood"
"455","Wood"
"456","Wood"
"457","Wood"
"458","Wood"
"459","Wood"
"460","Wood"
"461","Wood"
"462","Wood"
"463","Wood"
"464","Wood"
"465","Wood"
"466","Wood"
"467","Wood"
"468","Wood"
"469","Wood"
"470","Worthy"
"471","Worthy"
"472","Worthy"
"473","Worthy"
"474","Worthy"
"475","Worthy"
"476","Worthy"
"477","Worthy"
"478","Worthy"
"479","Worthy"
"480","Worthy"
"481","Worthy"
"482","Worthy"
"483","Worthy"
"484","Worthy"
"485","Worthy"
"486","Worthy"
"487","Worthy"
"488","Worthy"
"489","Worthy"
"490","Worthy"
"491","Worthy"
"492","Worthy"
"493","Worthy"
"494","Worthy"
"495","Worthy"
"496","Worthy"
"497","Worthy"
"498","Worthy"
"499","Worthy"
"500","Worthy"
"501","Worthy"
"502","Worthy"
"503","Worthy"
"504","Worthy"
